<?xml version="1.0"?>

<!DOCTYPE ejb-jar PUBLIC '-//Sun Microsystems, Inc.//DTD Enterprise JavaBeans 1.1//EN' 'http://java.sun.com/j2ee/dtds/ejb-jar_1_1.dtd'>

<ejb-jar>
    <enterprise-beans>
      <entity>
        <ejb-name>hit400jcasample</ejb-name>
        <home>examples.hitjcasample.sample.AccountHome</home>
        <remote>examples.hitjcasample.sample.Account</remote>
        <ejb-class>examples.hitjcasample.sample.AccountBean</ejb-class>
        <persistence-type>Bean</persistence-type>
        <prim-key-class>java.lang.String</prim-key-class>
        <reentrant>False</reentrant>

        <resource-ref>
         <res-ref-name>eis/hit400jca</res-ref-name>
         <res-type>javax.sql.DataSource</res-type>
         <res-auth>Container</res-auth>
        </resource-ref>

      </entity>
    </enterprise-beans>
    <assembly-descriptor>
      <container-transaction>
        <method>
          <ejb-name>hit400jcasample</ejb-name>
          <method-name>*</method-name>
        </method>
        <trans-attribute>Required</trans-attribute>
      </container-transaction>
    </assembly-descriptor>
  </ejb-jar>
