<?xml version="1.0"?>

<!DOCTYPE weblogic-ejb-jar PUBLIC 
'-//BEA Systems, Inc.//DTD WebLogic 7.0.0 EJB//EN' 
'http://www.bea.com/servers/wls700/dtd/weblogic-ejb-jar.dtd'>

<weblogic-ejb-jar>
    <weblogic-enterprise-bean>
      <ejb-name>hit400jcasample</ejb-name>
      <entity-descriptor>
        <entity-cache>
          <max-beans-in-cache>100</max-beans-in-cache>
        </entity-cache>   
      </entity-descriptor>
      <reference-descriptor>

        <resource-description>
         <res-ref-name>eis/hit400jca</res-ref-name>
         <jndi-name>hit400jca</jndi-name>
        </resource-description>

      </reference-descriptor>

      <jndi-name>hit400jcasample.AccountHome</jndi-name>
    </weblogic-enterprise-bean>
</weblogic-ejb-jar>
